{
  "ref": "vi",
  "vi": {
    "w": 1,
    "h": 0.10176211453744494
  },
  "kig26": {
    "x": 0.3876651982378855,
    "y": 0.03480176211453744,
    "w": 0.6101321585903083,
    "h": 0.04757709251101322
  },
  "name": {
    "left": -0.01277533039647577,
    "right": 1,
    "bottomGap": 0.020704845814977973,
    "sampleH": 0.1145374449339207
  },
  "colors": {
    "red": [
      212,
      41,
      26
    ],
    "dark": null
  },
  "flagAspect": 1.5004248088360237,
  "sleeveAspect": 0.9881866509155346
}